{"Data":[{"ID":1,"DrinkType":"Beer","DescriptionType":1,"Rule":"$[Name], $[IsCarbonatedString], $[AlcoholPercent]%","RuleList":["Name","IsCarbonatedString","AlcoholPercent"]},{"ID":2,"DrinkType":"Beer","DescriptionType":2,"Rule":"$[DrinkType] $[Description], $[Content]","RuleList":["DrinkType","Description","Content"]},{"ID":3,"DrinkType":"Juice","DescriptionType":1,"Rule":"$[Name], $[IsCarbonatedString], $[Content], made from $[FruitMade]","RuleList":["Name","IsCarbonatedString","Content","FruitMade"]},{"ID":4,"DrinkType":"Juice","DescriptionType":2,"Rule":"$[DrinkType], $[Description]","RuleList":["DrinkType","Description"]},{"ID":5,"DrinkType":"Soda","DescriptionType":1,"Rule":"$[Flavor] $[Name], $[IsCarbonatedString]","RuleList":["Flavor","Name","IsCarbonatedString"]},{"ID":7,"DrinkType":"Soda","DescriptionType":2,"Rule":"$[DrinkType], $[Description], $[Content]","RuleList":["DrinkType","Description","Content"]}],"CurrentScope":6}